,Cluster Label,GDP/Capita 2018
count,19.0,19.0
mean,1.0,66028.36842105263
std,0.0,35127.79029519779
min,1.0,34483.0
25%,1.0,46876.0
50%,1.0,53024.0
75%,1.0,75998.5
max,1.0,185741.0
